codigo,N,base
IN003,626,SNIS-AE 2019
IN026,626,SNIS-AE 2019
IN027,599,SNIS-AE 2019
IN004,626,SNIS-AE 2019
IN005,626,SNIS-AE 2019
IN006,605,SNIS-AE 2019
IN012,628,SNIS-AE 2019
IN029,627,SNIS-AE 2019
IN007,628,SNIS-AE 2019
IN008,628,SNIS-AE 2019
IN030,627,SNIS-AE 2019
IN031,627,SNIS-AE 2019
IN032,627,SNIS-AE 2019
IN033,627,SNIS-AE 2019
IN034,627,SNIS-AE 2019
IN035,628,SNIS-AE 2019
IN036,628,SNIS-AE 2019
IN037,628,SNIS-AE 2019
IN038,628,SNIS-AE 2019
IN039,628,SNIS-AE 2019
IN040,627,SNIS-AE 2019
IN041,627,SNIS-AE 2019
IN042,627,SNIS-AE 2019
IN054,597,SNIS-AE 2019
IN018,628,SNIS-AE 2019
IN019,599,SNIS-AE 2019
IN102,628,SNIS-AE 2019
IN048,628,SNIS-AE 2019
IN002,599,SNIS-AE 2019
IN045,628,SNIS-AE 2019
IN101,628,SNIS-AE 2019
IN060,543,SNIS-AE 2019
IN055,628,SNIS-AE 2019
IN023,628,SNIS-AE 2019
IN001,628,SNIS-AE 2019
IN043,607,SNIS-AE 2019
IN011,628,SNIS-AE 2019
IN009,628,SNIS-AE 2019
IN010,628,SNIS-AE 2019
IN044,628,SNIS-AE 2019
IN057,628,SNIS-AE 2019
IN052,628,SNIS-AE 2019
IN025,628,SNIS-AE 2019
IN053,628,SNIS-AE 2019
IN014,618,SNIS-AE 2019
IN017,628,SNIS-AE 2019
IN022,628,SNIS-AE 2019
IN058,559,SNIS-AE 2019
IN020,628,SNIS-AE 2019
IN028,628,SNIS-AE 2019
IN013,628,SNIS-AE 2019
IN049,628,SNIS-AE 2019
IN050,628,SNIS-AE 2019
IN051,628,SNIS-AE 2019
IN056,628,SNIS-AE 2019
IN024,628,SNIS-AE 2019
IN047,628,SNIS-AE 2019
IN015,625,SNIS-AE 2019
IN016,628,SNIS-AE 2019
IN046,625,SNIS-AE 2019
IN021,628,SNIS-AE 2019
IN059,564,SNIS-AE 2019
IN071,426,SNIS-AE 2019
IN072,463,SNIS-AE 2019
IN073,136,SNIS-AE 2019
IN074,168,SNIS-AE 2019
IN077,180,SNIS-AE 2019
IN082,590,SNIS-AE 2019
IN083,564,SNIS-AE 2019
IN079,628,SNIS-AE 2019
IN075,627,SNIS-AE 2019
IN080,628,SNIS-AE 2019
IN076,625,SNIS-AE 2019
IN085,628,SNIS-AE 2019
IN084,625,SNIS-AE 2019
IN061,31,SNIS-AE 2019
IN062,31,SNIS-AE 2019
IN063,31,SNIS-AE 2019
IN064,31,SNIS-AE 2019
IN068,31,SNIS-AE 2019
IN065,31,SNIS-AE 2019
IN069,31,SNIS-AE 2019
IN066,31,SNIS-AE 2019
IN067,31,SNIS-AE 2019
IN001,373,SNIS-RS 2019
IN002,373,SNIS-RS 2019
IN003,556,SNIS-RS 2019
IN004,466,SNIS-RS 2019
IN005,289,SNIS-RS 2019
IN006,556,SNIS-RS 2019
IN007,373,SNIS-RS 2019
IN008,373,SNIS-RS 2019
IN010,302,SNIS-RS 2019
IN011,289,SNIS-RS 2019
IN015,556,SNIS-RS 2019
IN016,556,SNIS-RS 2019
IN014,556,SNIS-RS 2019
IN017,556,SNIS-RS 2019
IN018,441,SNIS-RS 2019
IN019,450,SNIS-RS 2019
IN021,556,SNIS-RS 2019
IN022,213,SNIS-RS 2019
IN023,457,SNIS-RS 2019
IN024,450,SNIS-RS 2019
IN025,450,SNIS-RS 2019
IN026,299,SNIS-RS 2019
IN027,212,SNIS-RS 2019
IN028,556,SNIS-RS 2019
IN029,54,SNIS-RS 2019
IN030,299,SNIS-RS 2019
IN031,368,SNIS-RS 2019
IN032,368,SNIS-RS 2019
IN053,145,SNIS-RS 2019
IN034,266,SNIS-RS 2019
IN035,266,SNIS-RS 2019
IN038,266,SNIS-RS 2019
IN039,266,SNIS-RS 2019
IN040,266,SNIS-RS 2019
IN054,362,SNIS-RS 2019
IN036,394,SNIS-RS 2019
IN037,394,SNIS-RS 2019
IN041,384,SNIS-RS 2019
IN042,86,SNIS-RS 2019
IN043,143,SNIS-RS 2019
IN044,111,SNIS-RS 2019
IN045,449,SNIS-RS 2019
IN046,450,SNIS-RS 2019
IN047,449,SNIS-RS 2019
IN048,157,SNIS-RS 2019
IN051,450,SNIS-RS 2019
IN052,450,SNIS-RS 2019
IAG0001,626,SINISA 2024
IAG0002,626,SINISA 2024
IAG0003,621,SINISA 2024
IAG0004,471,SINISA 2024
IAG0005,413,SINISA 2024
IAG0006,584,SINISA 2024
IAG1001,629,SINISA 2024
IAG1002,629,SINISA 2024
IAG1003,629,SINISA 2024
IAG1004,629,SINISA 2024
IAG2001,629,SINISA 2024
IAG2002,629,SINISA 2024
IAG2003,627,SINISA 2024
IAG2004,623,SINISA 2024
IAG2005,619,SINISA 2024
IAG2006,629,SINISA 2024
IAG2007,629,SINISA 2024
IAG2008,629,SINISA 2024
IAG2009,629,SINISA 2024
IAG2010,629,SINISA 2024
IAG2011,629,SINISA 2024
IAG2012,629,SINISA 2024
IAG2013,629,SINISA 2024
IAG2014,629,SINISA 2024
IAG2015,629,SINISA 2024
IAG2016,629,SINISA 2024
IAG2023,629,SINISA 2024
IAG3001,370,SINISA 2024
IAG3002,53,SINISA 2024
IAG3003,612,SINISA 2024
IAG3004,370,SINISA 2024
IAG3005,53,SINISA 2024
IAG3006,629,SINISA 2024
IAG3007,373,SINISA 2024
IAG3008,629,SINISA 2024
IES0001,618,SINISA 2024
IES0002,618,SINISA 2024
IES0003,613,SINISA 2024
IES0004,442,SINISA 2024
IES0005,515,SINISA 2024
IES0006,454,SINISA 2024
IES0007,446,SINISA 2024
IES0008,531,SINISA 2024
IES0009,451,SINISA 2024
IES1001,621,SINISA 2024
IES1002,621,SINISA 2024
IES1003,474,SINISA 2024
IES1004,467,SINISA 2024
IES2002,621,SINISA 2024
IES2003,621,SINISA 2024
IES2004,621,SINISA 2024
IES2005,624,SINISA 2024
IES3001,624,SINISA 2024
IES3002,547,SINISA 2024
IES3003,605,SINISA 2024
IFR0001,616,SINISA 2024
IFR0002,616,SINISA 2024
IFR0003,616,SINISA 2024
IFR0004,616,SINISA 2024
IFR0005,572,SINISA 2024
IFR0006,616,SINISA 2024
IFR1001,616,SINISA 2024
IFR1002,616,SINISA 2024
IFR1003,445,SINISA 2024
IFR1004,445,SINISA 2024
IFR1005,403,SINISA 2024
IFR1006,616,SINISA 2024
IFR2001,616,SINISA 2024
IFR2002,616,SINISA 2024
IFR2003,616,SINISA 2024
IFR2004,584,SINISA 2024
IFR2005,525,SINISA 2024
IFR2006,403,SINISA 2024
IFR2007,403,SINISA 2024
IFR2008,616,SINISA 2024
IFR2009,616,SINISA 2024
IRS0001,616,SINISA 2024
IRS0002,616,SINISA 2024
IRS0003,608,SINISA 2024
IRS0004,616,SINISA 2024
IRS0005,616,SINISA 2024
IRS0006,616,SINISA 2024
IRS1001,616,SINISA 2024
IRS1002,615,SINISA 2024
IRS1003,616,SINISA 2024
IRS1004,616,SINISA 2024
IRS1005,616,SINISA 2024
IRS1006,616,SINISA 2024
IRS1007,616,SINISA 2024
IRS1008,616,SINISA 2024
IRS3001,616,SINISA 2024
IRS3002,616,SINISA 2024
IRS3004,150,SINISA 2024
IRS3005,150,SINISA 2024
IRS3006,92,SINISA 2024
IRS3007,92,SINISA 2024
IRS3008,90,SINISA 2024
IRS3009,85,SINISA 2024
IRS3010,616,SINISA 2024
IRS3011,616,SINISA 2024
IRS3012,616,SINISA 2024
